"","X","Job_Title","Industry","State","Salary","Date","SalaryCleaned","Extra","SalaryUnit","Units","JobDate","weekday"
"1",1,"Graduate Data Scientist","(Science & Technology)","VIC",NA,2,NA,NA,NA,"No",2023-06-24,7
"2",2,"Data Scientist (contract)","(Science & Technology)","NSW","Up to $1050 / Day",NA,277200,NA,"PerDay","No",2023-06-26,2
"3",3,"Research Data Scientist","(Science & Technology)","NSW",NA,5,NA,NA,NA,"No",2023-06-21,4
"4",4,"Data Scientist","(Information & Communication Technology)","QLD",NA,5,NA,NA,NA,"No",2023-06-21,4
"5",5,"Research Data Scientist","(Science & Technology)","VIC",NA,5,NA,NA,NA,"No",2023-06-21,4
"6",6,"Data Scientist","(Science & Technology)","NSW",NA,11,NA,NA,NA,"No",2023-06-15,5
"7",7,"Valuation Data Scientist","(Consulting & Strategy)","NSW","Salary ranges from $101,947 to $112,849 + super",4,NA,NA,NA,"No",2023-06-22,5
"8",8,"Data Scientist","(Information & Communication Technology)","VIC","VPS4 $91,418.00 - $103,725.00",9,NA,NA,NA,"No",2023-06-17,7
"9",9,"Senior Data Scientist/Analyst","(Information & Communication Technology)","VIC","$140k-$180k Package DOE",2,NA,"$180k ",NA,"Yes",2023-06-24,7
"10",10,"Pricing Data Scientist - Brisbane","(Insurance & Superannuation)","QLD",NA,6,NA,NA,NA,"No",2023-06-20,3
"11",11,"Senior Machine Learning Engineer (multiple Roles)","(Information & Communication Technology)","NSW",NA,2,NA,NA,NA,"No",2023-06-24,7
"12",12,"Early Career Data Scientist","(Consulting & Strategy)","VIC",NA,5,NA,NA,NA,"No",2023-06-21,4
"13",13,"Data Scientist","(Mining, Resources & Energy)","SA","ASO6, $95,588 - $101,109 per annum",9,95588,NA,"PerYear","No",2023-06-17,7
"14",14,"2023/2223 - EL 1 - Ecologist/Data Scientist","(Science & Technology)","NT",NA,4,NA,NA,NA,"No",2023-06-22,5
"15",15,"Data Science Lead Trainer","(Science & Technology)","NSW","$20,000 per project, equiv $83 per hour",2,NA,NA,NA,"No",2023-06-24,7
"16",16,"2023/2222 - Research Scientist - (APS 6 - EL 1) - Ecologist/Data Scientist","(Science & Technology)","NT",NA,4,NA,NA,NA,"No",2023-06-22,5
"17",17,"Assistant Trainer Data Science","(Science & Technology)","WA",NA,5,NA,NA,NA,"No",2023-06-21,4
"18",18,"Data Analyst","(Information & Communication Technology)","NSW",NA,2,NA,NA,NA,"No",2023-06-24,7
"19",19,"Senior Data Scientist","(Accounting)","VIC","VPS4.1 - $91,418 - $103,725 + super",6,NA,NA,NA,"No",2023-06-20,3
"20",20,"Senior Data Scientist :: Long Term Day Rate Contract","(Information & Communication Technology)","VIC",NA,12,NA,NA,NA,"No",2023-06-14,4
"21",21,"Data Engineer","(Information & Communication Technology)","QLD",NA,2,NA,NA,NA,"No",2023-06-24,7
"22",22,"Senior Data Scientist","(Information & Communication Technology)","NSW",NA,9,NA,NA,NA,"No",2023-06-17,7
"23",23,"Data Engineer","(Information & Communication Technology)","QLD",NA,NA,NA,NA,NA,"No",2023-06-26,2
"24",24,"Business Development Manager - Data Science","(Science & Technology)","NSW","Senior Appointment",2,NA,NA,NA,"No",2023-06-24,7
"25",25,"Data Engineer","(Information & Communication Technology)","SA","$130k - $140k p.a.",4,NA,NA,NA,"Yes",2023-06-22,5
"26",26,"Data Engineer","(Information & Communication Technology)","QLD",NA,2,NA,NA,NA,"No",2023-06-24,7
"27",27,"Data Engineer","(Information & Communication Technology)","NSW","Up to $900 p.d.",2,237600,NA,"PerDay","No",2023-06-24,7
"28",28,"Principal Data Scientist","(Science & Technology)","NSW",NA,16,NA,NA,NA,"No",2023-06-10,7
"29",29,"Principal Data Scientist","(Science & Technology)","VIC",NA,16,NA,NA,NA,"No",2023-06-10,7
"30",30,"Data Engineer","(Information & Communication Technology)","NSW","$115,000 – $140,000 per year",5,115000,NA,"PerYear","No",2023-06-21,4
"31",31,"Data Engineer","(Information & Communication Technology)","VIC",NA,4,NA,NA,NA,"No",2023-06-22,5
"32",32,"Data Engineer","(Information & Communication Technology)","NSW",NA,2,NA,NA,NA,"No",2023-06-24,7
"33",33,"Machine Learning Engineer","(Information & Communication Technology)","NSW","Up to 130k + super",10,NA,NA,NA,"Yes",2023-06-16,6
"34",34,"Lead Data Modeler","(Information & Communication Technology)","NSW",NA,3,NA,NA,NA,"No",2023-06-23,6
"35",35,"Junior Data Engineer","(Information & Communication Technology)","NSW",NA,2,NA,NA,NA,"No",2023-06-24,7
"36",36,"Data Engineer - AWS, Matillion, SQL","(Information & Communication Technology)","NSW","$800 - $950 p.d. + + Super + WFH Flex",2,211200,NA,"PerDay","No",2023-06-24,7
"37",37,"Principal Data Scientist - (Recommendations)","(Science & Technology)","QLD",NA,18,NA,NA,NA,"No",2023-06-08,5
"38",38,"Data Engineer","(Information & Communication Technology)","VIC","$1000 -$1200",3,NA,NA,NA,"No",2023-06-23,6
"39",39,"PHI Data Engineer","(Engineering)","WA",NA,4,NA,NA,NA,"No",2023-06-22,5
"40",40,"Data Scientist (Deep Learning)","(Information & Communication Technology)","ACT",NA,18,NA,NA,NA,"No",2023-06-08,5
"41",41,"Data Engineer - Contract","(Information & Communication Technology)","VIC",NA,3,NA,NA,NA,"No",2023-06-23,6
"42",42,"Data Engineer","(Information & Communication Technology)","VIC",NA,2,NA,NA,NA,"No",2023-06-24,7
"43",43,"Data Engineer / Analyst - SQL - Growing team in successful company - Adelaide","(Information & Communication Technology)","SA",NA,5,NA,NA,NA,"No",2023-06-21,4
"44",44,"Research Associate Ice sheet modelling and data science","(Science & Technology)","TAS","Great staff benefits including 17% super",2,NA,NA,NA,"No",2023-06-24,7
"45",45,"Data Engineer","(Information & Communication Technology)","QLD","Increase take home pay with Salary Packaging",5,NA,NA,NA,"Yes",2023-06-21,4
"46",46,"Data Engineer","(Information & Communication Technology)","VIC","$115 - $130 p.a. +Superannuation",6,NA,NA,NA,"No",2023-06-20,3
"47",47,"Azure Data Engineer","(Information & Communication Technology)","QLD","$55,000-$65,000 plus super",NA,NA,"$65,000 ",NA,"No",2023-06-26,2
"48",48,"Senior Data Engineer","(Information & Communication Technology)","VIC","$105,479 - $127,621 p.a. plus superannuation",5,NA,NA,NA,"No",2023-06-21,4
"49",49,"Data Engineer - Immediate Start (Long term project) x5 roles","(Information & Communication Technology)","NSW",NA,4,NA,NA,NA,"No",2023-06-22,5
"50",50,"Data Engineer","(Information & Communication Technology)","SA",NA,9,NA,NA,NA,"No",2023-06-17,7
"51",51,"Senior Data Engineer - Data & Analytics","(Information & Communication Technology)","VIC",NA,6,NA,NA,NA,"No",2023-06-20,3
"52",52,"Senior Data Scientist","(Information & Communication Technology)","VIC",NA,16,NA,NA,NA,"No",2023-06-10,7
"53",53,"Data Engineers, Competitive Intelligence and Analytics","(Information & Communication Technology)","NSW","$126,502 to $140,431 p.a.",3,NA,NA,NA,"No",2023-06-23,6
"54",54,"AWS Data Architect","(Information & Communication Technology)","QLD","Flexible Day Rate",NA,NA,NA,"PerDay","No",2023-06-26,2
"55",55,"Head of Data Science","(Banking & Financial Services)","NSW","$180k - $200k p.a. + + super",12,NA,NA,NA,"Yes",2023-06-14,4
"56",56,"Senior Data Engineer | AWS, Snowflake, Matillion","(Information & Communication Technology)","QLD","$140-150k+Super+Bonus",3,NA,"",NA,"Yes",2023-06-23,6
"57",57,"Data Engineer","(Information & Communication Technology)","NSW",NA,11,NA,NA,NA,"No",2023-06-15,5
"58",58,"Senior Data Engineer","(Information & Communication Technology)","VIC",NA,3,NA,NA,NA,"No",2023-06-23,6
"59",59,"Data Engineer - 12 Months","(Information & Communication Technology)","NSW",NA,2,NA,NA,NA,"No",2023-06-24,7
"60",60,"Data Engineer","(Information & Communication Technology)","QLD",NA,9,NA,NA,NA,"No",2023-06-17,7
"61",61,"Data Analyst/Statistician","(Information & Communication Technology)","VIC",NA,4,NA,NA,NA,"No",2023-06-22,5
"62",62,"Lead Data Engineer","(Information & Communication Technology)","NSW",NA,5,NA,NA,NA,"No",2023-06-21,4
"63",63,"Data Engineer AI Developer","(Information & Communication Technology)","NSW","$111,595 to $124,315 plus super and leave loading",6,NA,NA,NA,"No",2023-06-20,3
"64",64,"Lead Data Engineer","(Information & Communication Technology)","NSW",NA,5,NA,NA,NA,"No",2023-06-21,4
"65",65,"Senior Data Scientist","(Information & Communication Technology)","NSW",NA,19,NA,NA,NA,"No",2023-06-07,4
"66",66,"Data Engineer","(Information & Communication Technology)","NSW",NA,4,NA,NA,NA,"No",2023-06-22,5
"67",67,"Data Scientist","(Science & Technology)","VIC",NA,25,NA,NA,NA,"No",2023-06-01,5
"68",68,"Senior Machine Learning Engineer","(Information & Communication Technology)","NSW",NA,17,NA,NA,NA,"No",2023-06-09,6
"69",69,"Azure Data Specialist","(Information & Communication Technology)","VIC",NA,2,NA,NA,NA,"No",2023-06-24,7
"70",70,"Lead Data Engineer","(Information & Communication Technology)","NSW",NA,5,NA,NA,NA,"No",2023-06-21,4
"71",71,"Consultant - AI and Analytics","(Information & Communication Technology)","QLD",NA,2,NA,NA,NA,"No",2023-06-24,7
"72",72,"Data Engineer","(Information & Communication Technology)","ACT",NA,6,NA,NA,NA,"No",2023-06-20,3
"73",73,"Data Engineer","(Information & Communication Technology)","QLD",NA,9,NA,NA,NA,"No",2023-06-17,7
"74",74,"Azure Data Engineer","(Information & Communication Technology)","VIC",NA,2,NA,NA,NA,"No",2023-06-24,7
"75",75,"Senior Data Engineer","(Information & Communication Technology)","NSW","$150k - $190k p.a.",3,NA,NA,NA,"Yes",2023-06-23,6
"76",76,"Business Intelligence Data Engineer","(Information & Communication Technology)","VIC",NA,6,NA,NA,NA,"No",2023-06-20,3
"77",77,"Senior Machine Learning Engineer","(Information & Communication Technology)","NSW","$130,000 - $150,000 + Bonus + Super",16,NA,NA,NA,"No",2023-06-10,7
"78",78,"Azure Data Engineer","(Information & Communication Technology)","NSW","$110,000 – $120,000 per year",4,110000,NA,"PerYear","No",2023-06-22,5
"79",79,"Data Engineer","(Information & Communication Technology)","QLD",NA,10,NA,NA,NA,"No",2023-06-16,6
"80",80,"Data Engineer / Analyst - SQL - Growing team in successful company - WFH","(Information & Communication Technology)","NSW",NA,2,NA,NA,NA,"No",2023-06-24,7
"81",81,"Data Scientist","(Information & Communication Technology)","VIC",NA,24,NA,NA,NA,"No",2023-06-02,6
"82",82,"Data Platform Engineer","(Information & Communication Technology)","VIC",NA,4,NA,NA,NA,"No",2023-06-22,5
"83",83,"Data Engineer","(Information & Communication Technology)","SA",NA,11,NA,NA,NA,"No",2023-06-15,5
"84",84,"Analytics and Data Science Contract! Remote Friendly from Syd, Melb, Bris","(Science & Technology)","NSW","$750-$950 Per Day",17,198000,"$950 ","PerDay","No",2023-06-09,6
"85",85,"Data Engineer","(Information & Communication Technology)","NSW",NA,11,NA,NA,NA,"No",2023-06-15,5
"86",86,"Senior Data Engineer - 12 months -  Government","(Information & Communication Technology)","NSW",NA,3,NA,NA,NA,"No",2023-06-23,6
"87",87,"Senior Data Engineer","(Information & Communication Technology)","VIC","Competitive salary + free lunches + perks galore!",4,NA,NA,NA,"Yes",2023-06-22,5
"88",88,"Senior Data Engineer","(Information & Communication Technology)","NSW",NA,4,NA,NA,NA,"No",2023-06-22,5
"89",89,"Cloud Data Engineer","(Information & Communication Technology)","NSW",NA,7,NA,NA,NA,"No",2023-06-19,2
"90",90,"AWS Data Engineer (108685BR)","(Information & Communication Technology)","WA",NA,5,NA,NA,NA,"No",2023-06-21,4
"91",91,"Data Engineer","(Information & Communication Technology)","NSW",NA,18,NA,NA,NA,"No",2023-06-08,5
"92",92,"Pricing Data Scientist","(Insurance & Superannuation)","QLD",NA,23,NA,NA,NA,"No",2023-06-03,7
"93",93,"Data Engineer","(Information & Communication Technology)","VIC",NA,11,NA,NA,NA,"No",2023-06-15,5
"94",94,"Senior Data Engineer","(Information & Communication Technology)","NSW","Competitive Daily Rate",3,NA,NA,NA,"No",2023-06-23,6
"95",95,"Senior Data Engineer","(Information & Communication Technology)","ACT",NA,2,NA,NA,NA,"No",2023-06-24,7
"96",96,"Senior Data Scientist","(Information & Communication Technology)","NSW",NA,25,NA,NA,NA,"No",2023-06-01,5
"97",97,"Senior Data Engineer","(Insurance & Superannuation)","NSW","$150k - $165k p.a.",11,NA,NA,NA,"Yes",2023-06-15,5
"98",98,"Lead Data Engineer","(Information & Communication Technology)","NSW","Up to 170k + super",10,NA,NA,NA,"Yes",2023-06-16,6
"99",99,"Data Engineer","(Information & Communication Technology)","VIC","CBD/WFH hybrid, ASAP start",9,NA,NA,NA,"No",2023-06-17,7
"100",100,"Senior Data Scientist","(Information & Communication Technology)","VIC",NA,25,NA,NA,NA,"No",2023-06-01,5
"101",101,"Data Engineer","(Information & Communication Technology)","VIC","Competitive package with annual bonus",16,NA,NA,NA,"Yes",2023-06-10,7
"102",102,"Data Engineer","(Information & Communication Technology)","NSW","Competitive package with annual bonus",16,NA,NA,NA,"Yes",2023-06-10,7
"103",103,"Data Engineer","(Information & Communication Technology)","SA","Competitive package with annual bonus",16,NA,NA,NA,"Yes",2023-06-10,7
"104",104,"Machine Learning Engineer - (Junior-Mid)","(Information & Communication Technology)","NSW",NA,24,NA,NA,NA,"No",2023-06-02,6
"105",105,"Senior Data Scientist - Award-winning Global Fintech","(Information & Communication Technology)","NSW","Fantastic culture and career growth opportunities",24,NA,NA,NA,"No",2023-06-02,6
"106",106,"Lead Data Scientist - Pricing","(Science & Technology)","VIC",NA,24,NA,NA,NA,"No",2023-06-02,6
"107",107,"Product Manager - Data Analytics","(Information & Communication Technology)","NSW",NA,3,NA,NA,NA,"No",2023-06-23,6
"108",108,"Senior Data Engineer","(Information & Communication Technology)","VIC",NA,6,NA,NA,NA,"No",2023-06-20,3
"109",109,"Data Engineer - 6-12 Month Contract","(Information & Communication Technology)","NSW",NA,12,NA,NA,NA,"No",2023-06-14,4
"110",110,"Cloud Data Engineer","(Information & Communication Technology)","VIC","Base Salary + 10.5% super + NFP Salary Packaging",9,NA,NA,NA,"Yes",2023-06-17,7
"111",111,"Senior Data Scientist","(Science & Technology)","VIC",NA,27,NA,NA,NA,"No",2023-05-30,3
"112",112,"Senior Data Engineer","(Information & Communication Technology)","VIC",NA,5,NA,NA,NA,"No",2023-06-21,4
"113",113,"Machine Learning Software Engineer","(Information & Communication Technology)","QLD","$130,000 – $140,000 per year",16,130000,NA,"PerYear","No",2023-06-10,7
"114",114,"Lead Data Scientist","(Science & Technology)","VIC",NA,27,NA,NA,NA,"No",2023-05-30,3
"115",115,"Data Engineering and Analytics Lead","(Information & Communication Technology)","VIC",NA,11,NA,NA,NA,"No",2023-06-15,5
"116",116,"Senior Data Engineer","(Information & Communication Technology)","VIC","Salary flexible based on experience",5,NA,NA,NA,"No",2023-06-21,4
"117",117,"Data Ops Engineer","(Information & Communication Technology)","NSW",NA,10,NA,NA,NA,"No",2023-06-16,6
"118",118,"Principal Consultant - Data Platforms","(Information & Communication Technology)","NSW","Competitive Salary + Income Protection",2,NA,NA,NA,"No",2023-06-24,7
"119",119,"Senior Biostatistician","(Science & Technology)","VIC","$140,000 – $150,000 per year",10,140000,NA,"PerYear","No",2023-06-16,6
"120",120,"Data Engineering Lead - Greenfield Project","(Information & Communication Technology)","NSW",NA,10,NA,NA,NA,"No",2023-06-16,6
"121",121,"Technical Lead | ABC’s Data Platforms","(Information & Communication Technology)","NSW",NA,3,NA,NA,NA,"No",2023-06-23,6
"122",122,"Senior Data Engineer","(Information & Communication Technology)","VIC",NA,3,NA,NA,NA,"No",2023-06-23,6
"123",123,"Statistician Urgently required","(Science & Technology)","VIC","$70,000 – $90,000 per year",12,70000,NA,"PerYear","No",2023-06-14,4
"124",124,"Data Science Lead Trainer","(Science & Technology)","WA",NA,23,NA,NA,NA,"No",2023-06-03,7
"125",125,"Technical Lead | ABC’s Data Platforms","(Information & Communication Technology)","QLD",NA,3,NA,NA,NA,"No",2023-06-23,6
"126",126,"Data Engineer / Software Engineer","(Information & Communication Technology)","NSW","$120,000 - $140,000 base + super + bonus",17,NA,NA,NA,"No",2023-06-09,6
"127",127,"Senior Data Engineer - Spark & Scala","(Information & Communication Technology)","NSW",NA,3,NA,NA,NA,"No",2023-06-23,6
"128",128,"Senior Biostatistician","(Science & Technology)","NSW","Competitive salary, bonus and benefits",6,NA,NA,NA,"No",2023-06-20,3
"129",129,"Data Engineer | 6 months | Snowflake, DBT/Azure Datafactory","(Information & Communication Technology)","NSW",NA,10,NA,NA,NA,"No",2023-06-16,6
"130",130,"Technical Lead | ABC’s Data Platforms","(Information & Communication Technology)","VIC",NA,3,NA,NA,NA,"No",2023-06-23,6
"131",131,"ASO4 Data Engineer","(Government & Defence)","SA","$48.35 - $49.93 p.h. + Super",18,NA,NA,NA,"No",2023-06-08,5
"132",132,"Data Engineer","(Science & Technology)","VIC",NA,19,NA,NA,NA,"No",2023-06-07,4
"133",133,"Data Engineering Chapter Lead - Data Products and Optimisation","(Information & Communication Technology)","NSW","Base Salary + Bonus + Super",4,NA,NA,NA,"No",2023-06-22,5
"134",134,"Junior Data Consultant","(Information & Communication Technology)","VIC","$35 - $39.99 per hour",22,NA,NA,NA,"No",2023-06-04,1
"135",135,"Graduate/Junior Data&Machine Learning Engineer - Robotics/Electronics","(Information & Communication Technology)","NSW",NA,24,NA,NA,NA,"No",2023-06-02,6
"136",136,"Data Engineer - 12 + 12 + 12 Months","(Information & Communication Technology)","ACT","$140+ per hour",6,NA,NA,NA,"No",2023-06-20,3
"137",137,"Machine Learning Engineer","(Engineering)","SA","Competitive salary package on offer",20,NA,NA,NA,"Yes",2023-06-06,3
"138",138,"Data Engineer","(Information & Communication Technology)","QLD","$140,000 + Super + Bonus",19,NA,NA,NA,"No",2023-06-07,4
"139",139,"Data Engineer","(Information & Communication Technology)","NSW","Salary commensurate to experience",19,NA,NA,NA,"No",2023-06-07,4
"140",140,"Data Engineer","(Information & Communication Technology)","NSW",NA,19,NA,NA,NA,"No",2023-06-07,4
"141",141,"Data Engineer","(Information & Communication Technology)","NSW","Up to $150K + super",17,NA,NA,NA,"Yes",2023-06-09,6
"142",142,"Head of Data Driven Engagement","(Science & Technology)","VIC",NA,5,NA,NA,NA,"No",2023-06-21,4
"143",143,"Senior Data Engineer","(Information & Communication Technology)","NSW","$117324 - $141313 p.a.",6,NA,NA,NA,"No",2023-06-20,3
"144",144,"Online Data Analyst - Australia","(Information & Communication Technology)","Far",NA,19,NA,NA,NA,"No",2023-06-07,4
"145",145,"Senior Machine Learning Scientist","(Information & Communication Technology)","NSW",NA,23,NA,NA,NA,"No",2023-06-03,7
"146",146,"Data Engineer","(Information & Communication Technology)","NSW",NA,16,NA,NA,NA,"No",2023-06-10,7
"147",147,"Azure Data Test Engineer","(Information & Communication Technology)","VIC",NA,2,NA,NA,NA,"No",2023-06-24,7
"148",148,"Senior Data Engineer","(Information & Communication Technology)","NSW","$130k - $150k p.a. + + Super",16,NA,NA,NA,"Yes",2023-06-10,7
"149",149,"Senior Data Engineer","(Information & Communication Technology)","NSW",NA,9,NA,NA,NA,"No",2023-06-17,7
"150",150,"Senior Data Engineer","(Information & Communication Technology)","VIC","Base + Superannuation + Bonus",11,NA,NA,NA,"No",2023-06-15,5
"151",151,"Principal Consultant - Data IoT & AI (Contract)","(Information & Communication Technology)","VIC",NA,16,NA,NA,NA,"No",2023-06-10,7
"152",152,"Analytics Engineer","(Information & Communication Technology)","NSW",NA,9,NA,NA,NA,"No",2023-06-17,7
"153",153,"SENIOR DATA ENGINEER","(Information & Communication Technology)","NSW",NA,12,NA,NA,NA,"No",2023-06-14,4
"154",154,"Fullstack(Python Django)","(Information & Communication Technology)","WA","$90,000 – $130,000 per year",3,90000,NA,"PerYear","No",2023-06-23,6
"155",155,"Lead Analyst","(Consulting & Strategy)","NSW",NA,18,NA,NA,NA,"No",2023-06-08,5
"156",156,"Lead Machine Learning Engineer - Greenfield Work! Contract","(Information & Communication Technology)","NSW","Top Daily Rate! Lead MLE",18,NA,NA,"PerDay","No",2023-06-08,5
"157",157,"Principal Data Developer","(Information & Communication Technology)","QLD",NA,2,NA,NA,NA,"No",2023-06-24,7
"158",158,"Online Data Analyst - Australia","(Information & Communication Technology)","NT",NA,19,NA,NA,NA,"No",2023-06-07,4
"159",159,"Principal Consultant - Data","(Information & Communication Technology)","NSW","$190k + super + bonus",2,NA,NA,NA,"Yes",2023-06-24,7
"160",160,"Senior Analytics Adviser","(Information & Communication Technology)","QLD","$650-$700 pd",3,NA,"$700 ",NA,"No",2023-06-23,6
"161",161,"Principal Advisor, Data & Analytics","(Consulting & Strategy)","VIC",NA,4,NA,NA,NA,"No",2023-06-22,5
"162",162,"Data Engineers - Big Data & Cloud","(Information & Communication Technology)","NSW",NA,16,NA,NA,NA,"No",2023-06-10,7
"163",163,"Consultant Data & Analytics - Engineering IM","(Engineering)","QLD","WFH, Office, Hybrid and flexible hours",13,NA,NA,NA,"No",2023-06-13,3
"164",164,"Senior Manager / Director - Analytics and AI","(Accounting)","QLD",NA,9,NA,NA,NA,"No",2023-06-17,7
"165",165,"Data Engineer - GCP","(Information & Communication Technology)","VIC","$150k - $180k p.a.",16,NA,NA,NA,"Yes",2023-06-10,7
"166",166,"Senior Data Engineer","(Information & Communication Technology)","NSW",NA,9,NA,NA,NA,"No",2023-06-17,7
"167",167,"Senior Computational Biologist","(Healthcare & Medical)","VIC","$127,000 - $137,000",5,NA,NA,NA,"No",2023-06-21,4
"168",168,"Senior Machine Learning Engineer","(Information & Communication Technology)","NSW","$165,000 - $177,000 Inc. Super PLUS Bonus!",23,NA,NA,NA,"No",2023-06-03,7
"169",169,"Data Engineer","(Information & Communication Technology)","NSW",NA,20,NA,NA,NA,"No",2023-06-06,3
"170",170,"Data Engineer for Delivery Lead - Technical SME","(Information & Communication Technology)","VIC","$1150 per day",NA,303600,NA,"PerDay","No",2023-06-26,2
"171",171,"Senior Data Engineer","(Information & Communication Technology)","VIC","$150k - $165k p.a.",16,NA,NA,NA,"Yes",2023-06-10,7
"172",172,"Senior Data Engineer","(Information & Communication Technology)","VIC",NA,12,NA,NA,NA,"No",2023-06-14,4
"173",173,"Graduate Data Engineer (Remote)","(Information & Communication Technology)","QLD","$70K per year",26,70000,NA,"PerYear","Yes",2023-05-31,4
"174",174,"Python Engineer - Data Streaming Project","(Information & Communication Technology)","VIC","$950-1000p/d",18,250800,"","PerDay","No",2023-06-08,5
"175",175,"Senior Back End Software Engineer / Data Engineer","(Information & Communication Technology)","VIC","up to approx $170k base + super",4,NA,NA,NA,"Yes",2023-06-22,5
"176",176,"Azure Data Engineer","(Information & Communication Technology)","NSW","$120,000 - $150,000 + Super",17,NA,NA,NA,"No",2023-06-09,6
"177",177,"Intern / Junior AI & Machine learning Scientist (ChatGPT application)","(Science & Technology)","VIC",NA,26,NA,NA,NA,"No",2023-05-31,4
"178",178,"Data Engineer","(Information & Communication Technology)","ACT",NA,20,NA,NA,NA,"No",2023-06-06,3
"179",179,"Head of Data Engineering - Data Platforms","(Information & Communication Technology)","NSW",NA,16,NA,NA,NA,"No",2023-06-10,7
"180",180,"Data Engineering Lead","(Information & Communication Technology)","VIC",NA,20,NA,NA,NA,"No",2023-06-06,3
"181",181,"Data Engineer","(Information & Communication Technology)","VIC","Base + Super + Bonus + flexible work options",20,NA,NA,NA,"Yes",2023-06-06,3
"182",182,"Consultant, Data & Analytics","(Consulting & Strategy)","QLD",NA,18,NA,NA,NA,"No",2023-06-08,5
"183",183,"Computational Biologist","(Science & Technology)","St",NA,10,NA,NA,NA,"No",2023-06-16,6
"184",184,"Junior Data Analyst","(Information & Communication Technology)","SA",NA,18,NA,NA,NA,"No",2023-06-08,5
"185",185,"Technical Lead - Data Platforms","(Information & Communication Technology)","VIC","Up to $180,000 package",NA,NA,NA,NA,"Yes",2023-06-26,2
"186",186,"Azure Data Engineer","(Information & Communication Technology)","VIC",NA,12,NA,NA,NA,"No",2023-06-14,4
"187",187,"Data Engineering Manager with Dataglance","(Information & Communication Technology)","VIC","$160,000 – $180,000 per year",17,160000,NA,"PerYear","No",2023-06-09,6
"188",188,"Research Officer","(Education & Training)","NSW",NA,5,NA,NA,NA,"No",2023-06-21,4
"189",189,"Recruitment Consultant - Data & Analytics","(Human Resources & Recruitment)","NSW","Up to $120,000 + Super + Commission",4,NA,NA,NA,"No",2023-06-22,5
"190",190,"Data Engineer - Snowflake, SQL","(Information & Communication Technology)","VIC","$900pd",20,NA,NA,NA,"No",2023-06-06,3
"191",191,"AWS Senior Data Engineer","(Information & Communication Technology)","NSW",NA,12,NA,NA,NA,"No",2023-06-14,4
"192",192,"Senior Data Engineer","(Information & Communication Technology)","NSW",NA,17,NA,NA,NA,"No",2023-06-09,6
"193",193,"Senior Developer / Technical Lead, Data","(Government & Defence)","VIC",NA,2,NA,NA,NA,"No",2023-06-24,7
"194",194,"Senior Data Engineer","(Information & Communication Technology)","VIC",NA,19,NA,NA,NA,"No",2023-06-07,4
"195",195,"Data Engineer","(Information & Communication Technology)","NSW","$130,000 – $150,000 per year",19,130000,NA,"PerYear","No",2023-06-07,4
"196",196,"Data Engineering Manager","(Information & Communication Technology)","VIC",NA,9,NA,NA,NA,"No",2023-06-17,7
"197",197,"Senior Data Engineer","(Information & Communication Technology)","QLD",NA,17,NA,NA,NA,"No",2023-06-09,6
"198",198,"Graduate Data Engineer","(Engineering)","QLD","$72,498 + super + RDO",25,NA,NA,NA,"No",2023-06-01,5
"199",199,"Big Data Engineer","(Information & Communication Technology)","VIC",NA,17,NA,NA,NA,"No",2023-06-09,6
"200",200,"Data Engineering Manager - Data Transformation","(Information & Communication Technology)","NSW",NA,16,NA,NA,NA,"No",2023-06-10,7
"201",201,"ETL Data Engineer (6-month Contract)","(Information & Communication Technology)","ACT",NA,4,NA,NA,NA,"No",2023-06-22,5
"202",202,"Data Engineer - GCP","(Information & Communication Technology)","VIC","$150k - $180k p.a.",19,NA,NA,NA,"Yes",2023-06-07,4
"203",203,"Senior Machine Learning Scientist - Price and Promotion","(Information & Communication Technology)","SA",NA,27,NA,NA,NA,"No",2023-05-30,3
"204",204,"Head of Data","(Information & Communication Technology)","NSW",NA,16,NA,NA,NA,"No",2023-06-10,7
"205",205,"Big Data Engineer","(Information & Communication Technology)","VIC",NA,17,NA,NA,NA,"No",2023-06-09,6
"206",206,"AWS Data Engineer Role","(Information & Communication Technology)","WA",NA,18,NA,NA,NA,"No",2023-06-08,5
"207",207,"Data Analytics Mid-Year Internship - July 2023 start","(Consulting & Strategy)","QLD",NA,18,NA,NA,NA,"No",2023-06-08,5
"208",208,"Data Engineer","(Information & Communication Technology)","VIC","$900 - $1k p.d.",23,237600000,NA,"PerDay","Yes",2023-06-03,7
"209",209,"Claims Data Engineer","(Information & Communication Technology)","NSW","Excellent package, up to $180K",6,NA,NA,NA,"Yes",2023-06-20,3
"210",210,"Senior Data Engineer - Move to Lead - Melbourne","(Information & Communication Technology)","VIC",NA,18,NA,NA,NA,"No",2023-06-08,5
"211",211,"Domain Bioinformatician (Research Officer)","(Science & Technology)","VIC",NA,11,NA,NA,NA,"No",2023-06-15,5
"212",212,"Azure Data Engineer","(Information & Communication Technology)","VIC",NA,17,NA,NA,NA,"No",2023-06-09,6
"213",213,"Senior Developer / Technical Lead, Data","(Government & Defence)","SA",NA,2,NA,NA,NA,"No",2023-06-24,7
"214",214,"Data Engineer - ETL","(Information & Communication Technology)","ACT","$130000 - $160000 per annum",17,130000,NA,"PerYear","No",2023-06-09,6
"215",215,"Cloud Data Engineer with Databricks","(Information & Communication Technology)","NSW","$160,000 – $180,000 per year",16,160000,NA,"PerYear","No",2023-06-10,7
"216",216,"Data and Analytics Team Coordinator","(Information & Communication Technology)","QLD",NA,9,NA,NA,NA,"No",2023-06-17,7
"217",217,"Technical Lead - Investment Data, AWS","(Information & Communication Technology)","VIC","$175000",11,NA,NA,NA,"No",2023-06-15,5
"218",218,"Data Engineer","(Information & Communication Technology)","VIC",NA,25,NA,NA,NA,"No",2023-06-01,5
"219",219,"Machine Learning Engineer","(Information & Communication Technology)","VIC","Competitive",26,NA,NA,NA,"No",2023-05-31,4
"220",220,"Data Engineer","(Information & Communication Technology)","QLD","$120k - $149614 p.a.",25,NA,NA,NA,"Yes",2023-06-01,5
"221",221,"Senior Developer / Technical Lead, Data","(Government & Defence)","ACT",NA,2,NA,NA,NA,"No",2023-06-24,7
"222",222,"Graduate Consultants - Data","(Consulting & Strategy)","NSW","$60k - $70k p.a. + super",20,NA,NA,NA,"Yes",2023-06-06,3
"223",223,"Principal Consultant, Information Security - Data Integration","(Banking & Financial Services)","NSW","Attractive Salary Package",24,NA,NA,NA,"Yes",2023-06-02,6
"224",224,"Senior Developer / Technical Lead, Data","(Government & Defence)","QLD",NA,2,NA,NA,NA,"No",2023-06-24,7
"225",225,"Data Engineer","(Information & Communication Technology)","TAS",NA,19,NA,NA,NA,"No",2023-06-07,4
"226",226,"Consultant, Data & Analytics","(Consulting & Strategy)","NSW",NA,18,NA,NA,NA,"No",2023-06-08,5
"227",227,"Data Analytics Mid-Year Internship - July 2023 start","(Consulting & Strategy)","ACT",NA,18,NA,NA,NA,"No",2023-06-08,5
"228",228,"Senior Data Engineer","(Information & Communication Technology)","QLD","inc super",20,NA,NA,NA,"No",2023-06-06,3
"229",229,"Research Fellow in Physics/Machine Learning","(Science & Technology)","NSW",NA,17,NA,NA,NA,"No",2023-06-09,6
"230",230,"Data Analytics Mid-Year Internship - July 2023 start","(Consulting & Strategy)","NSW",NA,18,NA,NA,NA,"No",2023-06-08,5
"231",231,"Data Warehousing Engineer","(Information & Communication Technology)","VIC",NA,19,NA,NA,NA,"No",2023-06-07,4
"232",232,"Consultant, Data & Analytics","(Consulting & Strategy)","VIC",NA,18,NA,NA,NA,"No",2023-06-08,5
"233",233,"Graduate Analytical Scientist","(Science & Technology)","SA",NA,9,NA,NA,NA,"No",2023-06-17,7
"234",234,"Azure Data Engineer","(Information & Communication Technology)","VIC","$1100 - $1200 p.d, including superannuation",18,290400,NA,"PerDay","No",2023-06-08,5
"235",235,"Analytics Engineer","(Information & Communication Technology)","NSW",NA,24,NA,NA,NA,"No",2023-06-02,6
"236",236,"Senior Data Engineer","(Information & Communication Technology)","VIC","$160000.00 - $170000.00 p.a.",19,NA,NA,NA,"No",2023-06-07,4
"237",237,"Senior Data Engineer - Contract","(Information & Communication Technology)","NSW",NA,19,NA,NA,NA,"No",2023-06-07,4
"238",238,"Software Engineer - Rule Engine Specialist","(Information & Communication Technology)","NSW","$160,000 to $180,000",4,NA,NA,NA,"No",2023-06-22,5
"239",239,"Senior Developer / Technical Lead, Data","(Government & Defence)","NSW",NA,2,NA,NA,NA,"No",2023-06-24,7
"240",240,"Data Developer","(Information & Communication Technology)","QLD",NA,9,NA,NA,NA,"No",2023-06-17,7
"241",241,"Senior Research Scientist (Monitoring)","(Science & Technology)","WA","PSCA, Spec Calling Level 3, $118,325 - $130,458",4,NA,NA,NA,"No",2023-06-22,5
"242",242,"Data Analytics Mid-Year Internship - July 2023 start","(Consulting & Strategy)","WA",NA,18,NA,NA,NA,"No",2023-06-08,5
"243",243,"Lead Data Engineer","(Information & Communication Technology)","NSW","160k - 200k DoE",20,NA,NA,NA,"Yes",2023-06-06,3
"244",244,"Data Engineer- AWS, Databricks","(Information & Communication Technology)","NSW",NA,24,NA,NA,NA,"No",2023-06-02,6
"245",245,"Data Engineer","(Information & Communication Technology)","VIC",NA,25,NA,NA,NA,"No",2023-06-01,5
"246",246,"Deputy Director, Data, Analytics & Governance","(Information & Communication Technology)","ACT","Attractive Senior Manager Salary Package",9,NA,NA,NA,"Yes",2023-06-17,7
"247",247,"Data Warehouse Engineer","(Information & Communication Technology)","VIC","$40 - $50 p.h. +Superannuation",2,NA,NA,NA,"No",2023-06-24,7
"248",248,"Analyst Integrated Scheduling","(Science & Technology)","WA","Free onsite parking",4,NA,NA,NA,"Yes",2023-06-22,5
"249",249,"Research Fellow in AI Planning and Machine Learning","(Education & Training)","ACT","$107,475- $121,857 plus 17% Superannuation",6,NA," ",NA,"No",2023-06-20,3
"250",250,"Data Ops Tech Lead","(Information & Communication Technology)","ACT",NA,20,NA,NA,NA,"No",2023-06-06,3
"251",251,"Data Platform Administrator","(Information & Communication Technology)","NSW",NA,18,NA,NA,NA,"No",2023-06-08,5
"252",252,"Principal DevOps Engineer - NSW Data Analytics Centre (DAC)","(Information & Communication Technology)","NSW","$134411 - $155445 p.a. + superannuation",5,NA,NA,NA,"No",2023-06-21,4
"253",253,"Data Engineer","(Information & Communication Technology)","VIC","$130k pkg (includes super) + annual leave loading",26,NA,NA,NA,"Yes",2023-05-31,4
"254",254,"Data Analytics Mid-Year Internship - July 2023 start","(Consulting & Strategy)","VIC",NA,18,NA,NA,NA,"No",2023-06-08,5
"255",255,"APS6 and EL1 Energy data analysts/modellers","(Government & Defence)","ACT","$78,548 - $124,403",2,NA,NA,NA,"No",2023-06-24,7
"256",256,"Geospatial Data Analyst","(Information & Communication Technology)","WA",NA,5,NA,NA,NA,"No",2023-06-21,4
"257",257,"Data Engineer 2023-06","(Information & Communication Technology)","QLD",NA,16,NA,NA,NA,"No",2023-06-10,7
"258",258,"Senior Data Engineer","(Information & Communication Technology)","VIC","$140,000 – $160,000 per year",18,140000,NA,"PerYear","No",2023-06-08,5
"259",259,"Data Quality Specialist","(Information & Communication Technology)","QLD",NA,6,NA,NA,NA,"No",2023-06-20,3
"260",260,"Cloud Data Engineer - 6 Month Contract","(Information & Communication Technology)","VIC","$950-1000p/d + GST",21,250800,"1000p/d ","PerDay","No",2023-06-05,2
"261",261,"Statistician","(Healthcare & Medical)","NSW","$125,722 – $140,551 total rem (pro rata) per annum",4,125722,NA,"PerYear","No",2023-06-22,5
"262",262,"Senior Data Engineer","(Information & Communication Technology)","NSW",NA,18,NA,NA,NA,"No",2023-06-08,5
"263",263,"Data Engineer","(Information & Communication Technology)","NSW",NA,25,NA,NA,NA,"No",2023-06-01,5
"264",264,"People and Analytics Lead","(Information & Communication Technology)","VIC",NA,5,NA,NA,NA,"No",2023-06-21,4
"265",265,"Senior Research Scientist (FMP Monitoring Coordinator)","(Science & Technology)","WA","PSCA, Spec Calling Level 3, $118,325 - $130,458",11,NA,NA,NA,"No",2023-06-15,5
"266",266,"Data and Analytics Delivery Lead :: Long Term Day Rate Contract","(Information & Communication Technology)","VIC",NA,5,NA,NA,NA,"No",2023-06-21,4
"267",267,"ETL Data Engineer (6-month Contract)","(Information & Communication Technology)","VIC",NA,4,NA,NA,NA,"No",2023-06-22,5
"268",268,"Research Scientist (Climate Adaptation Fauna Geneticist)","(Science & Technology)","WA","PSCA, Spec Calling Level 2 $102,808 -$112,645",12,NA,NA,NA,"No",2023-06-14,4
"269",269,"Senior Data Engineer - SQL Development | Data Bricks | Permanent","(Information & Communication Technology)","VIC","$130K-$150K (incl. super)",17,NA,"$150K ",NA,"Yes",2023-06-09,6
"270",270,"Associate Director, Data Services","(Information & Communication Technology)","St","plus super of up to 17%",5,NA,NA,NA,"No",2023-06-21,4
"271",271,"Senior Data Engineer","(Information & Communication Technology)","VIC",NA,19,NA,NA,NA,"No",2023-06-07,4
"272",272,"Casual Senior Research Assistant","(Education & Training)","St","super of up to 10%",5,NA,NA,NA,"No",2023-06-21,4
"273",273,"Senior Data Engineer - Databricks","(Information & Communication Technology)","VIC","$180,000 – $220,000 per year dep on exp + bonus",26,180000,NA,"PerYear","No",2023-05-31,4
"274",274,"Data Interface Developer","(Information & Communication Technology)","WA",NA,4,NA,NA,NA,"No",2023-06-22,5
"275",275,"Senior Data Commercialisation Lead","(Information & Communication Technology)","VIC",NA,3,NA,NA,NA,"No",2023-06-23,6
"276",276,"Data Engineer Team Lead","(Information & Communication Technology)","NSW",NA,27,NA,NA,NA,"No",2023-05-30,3
"277",277,"Research Associate - Paleo Ice Sheet Modeller","(Education & Training)","TAS",NA,4,NA,NA,NA,"No",2023-06-22,5
"278",278,"Senior Data Modeler","(Information & Communication Technology)","VIC","$180k - $200k p.a.",16,NA,NA,NA,"Yes",2023-06-10,7
"279",279,"Delivery Lead - Data","(Information & Communication Technology)","VIC","$180k - $200k p.a.",19,NA,NA,NA,"Yes",2023-06-07,4
"280",280,"NLP & AI Engineer","(Information & Communication Technology)","NSW","$120,000 – $170,000 per year",9,120000,NA,"PerYear","No",2023-06-17,7
"281",281,"Senior Data Engineer - Contract - Long term.","(Information & Communication Technology)","NSW","$95 – $110 per hour",19,NA,NA,NA,"No",2023-06-07,4
"282",282,"Senior Data Engineer | AWS, Snowflake, Python","(Information & Communication Technology)","QLD","$140-150k+Super+Bonus",25,NA,"",NA,"Yes",2023-06-01,5
"283",283,"Quality Assurance Data Engineer","(Information & Communication Technology)","NSW",NA,12,NA,NA,NA,"No",2023-06-14,4
"284",284,"Web Data and Analytics Lead – EL 1","(Marketing & Communications)","QLD","$112,682 to $ 122,848 + 15.4% Super",5,NA,NA,NA,"No",2023-06-21,4
"285",285,"Channel Execution Lead","(Consulting & Strategy)","QLD",NA,27,NA,NA,NA,"No",2023-05-30,3
"286",286,"Data Engineering Manager","(Information & Communication Technology)","VIC","$150k - $200k p.a. + Bonus",25,NA,NA,NA,"Yes",2023-06-01,5
"287",287,"Research Assistant - Data Framework","(Healthcare & Medical)","VIC",NA,4,NA,NA,NA,"No",2023-06-22,5
"288",288,"Data Delivery Lead","(Information & Communication Technology)","VIC","$180k - $200k p.a.",16,NA,NA,NA,"Yes",2023-06-10,7
"289",289,"Tactical Data Link Specialist Consultant","(Government & Defence)","ACT",NA,16,NA,NA,NA,"No",2023-06-10,7
"290",290,"Spatial Image Data Specialist","(Science & Technology)","SA",NA,23,NA,NA,NA,"No",2023-06-03,7
"291",291,"Analytics Consultant","(Consulting & Strategy)","VIC",NA,4,NA,NA,NA,"No",2023-06-22,5
"292",292,"Trading Desk Quant Developer","(Banking & Financial Services)","VIC","$155,000 – $200,000 per year",3,155000,NA,"PerYear","No",2023-06-23,6
"293",293,"Junior Data Retention Engineer","(Information & Communication Technology)","NSW",NA,25,NA,NA,NA,"No",2023-06-01,5
"294",294,"General Manager Data and Analytics","(Information & Communication Technology)","VIC",NA,6,NA,NA,NA,"No",2023-06-20,3
"295",295,"Data Engineer - Azure, ADF, SSIS","(Information & Communication Technology)","VIC","$166000",27,NA,NA,NA,"No",2023-05-30,3
"296",296,"Production Support Lead - Data and Analytics","(Information & Communication Technology)","ACT",NA,24,NA,NA,NA,"No",2023-06-02,6
"297",297,"Channel Execution Lead","(Consulting & Strategy)","VIC",NA,27,NA,NA,NA,"No",2023-05-30,3
"298",298,"Engineering Manager","(Information & Communication Technology)","NSW","Above market salary on offer",2,NA,NA,NA,"Yes",2023-06-24,7
"299",299,"Data Operations Manager","(Information & Communication Technology)","VIC",NA,9,NA,NA,NA,"No",2023-06-17,7
"300",300,"Head of Data & Analytics","(Information & Communication Technology)","VIC",NA,9,NA,NA,NA,"No",2023-06-17,7
"301",301,"Analytics Specialist","(Consulting & Strategy)","NSW",NA,20,NA,NA,NA,"No",2023-06-06,3
"302",302,"Quantitative Analytics Specialist","(Information & Communication Technology)","QLD",NA,6,NA,NA,NA,"No",2023-06-20,3
"303",303,"Web Data and Analytics Lead – EL 1","(Marketing & Communications)","VIC","$112,682 to $ 122,848 + 15.4% Super",5,NA,NA,NA,"No",2023-06-21,4
"304",304,"Solution Architect | Data & Analytics","(Information & Communication Technology)","ACT",NA,11,NA,NA,NA,"No",2023-06-15,5
"305",305,"Senior Analyst Programmer - Python","(Information & Communication Technology)","NSW",NA,5,NA,NA,NA,"No",2023-06-21,4
"306",306,"Technical Product Manager","(Information & Communication Technology)","NSW","$150000 - $160000 per annum",2,150000,NA,"PerYear","No",2023-06-24,7
"307",307,"Senior Data Engineer","(Information & Communication Technology)","VIC","$140k - $150k + super + bonus",27,NA,NA,NA,"Yes",2023-05-30,3
"308",308,"Technical Officer Data Management Support - Pharma","(Engineering)","VIC",NA,2,NA,NA,NA,"No",2023-06-24,7
"309",309,"Senior Biostatistician","(Community Services & Development)","QLD","17% superannuation",10,NA,NA,NA,"No",2023-06-16,6
"310",310,"Associate Research Fellow in Computational Statistics","(Education & Training)","NSW","$84,935 – $99,509 + 17% superannuation",17,NA,NA,NA,"No",2023-06-09,6
"311",311,"AI Developer","(Information & Communication Technology)","VIC","$100,000 – $130,000 per year",29,1e+05,NA,"PerYear","No",2023-05-28,1
"312",312,"Research Scientist - Oat Classification","(Science & Technology)","WA",NA,5,NA,NA,NA,"No",2023-06-21,4
"313",313,"Research Fellow in High Energy Physics on the LHCb experiment","(Education & Training)","VIC","$78,120 - $106,022 pa Level A (plus 17% super)",10,NA,NA,NA,"No",2023-06-16,6
"314",314,"Analytics Lead","(Science & Technology)","NSW",NA,25,NA,NA,NA,"No",2023-06-01,5
"315",315,"VCE Applied Computing and Data Analytics Teacher","(Education & Training)","VIC",NA,20,NA,NA,NA,"No",2023-06-06,3
"316",316,"Data and Evidence Manager | Location: Sydney/Melbourne","(Community Services & Development)","NSW",NA,16,NA,NA,NA,"No",2023-06-10,7
"317",317,"Scientist - Cell Culture and Purification Development","(Science & Technology)","VIC","Competitive salary + Super + Benefits",6,NA,NA,NA,"No",2023-06-20,3
"318",318,"People Data and Analytics Lead","(Information & Communication Technology)","NSW","$900 - $990 p.d. + Super",9,237600,NA,"PerDay","No",2023-06-17,7
"319",319,"Senior Data Solutions Designer","(Information & Communication Technology)","NSW","$140k - $180k p.a. + Super + Bonus",27,NA,NA,NA,"Yes",2023-05-30,3
"320",320,"Senior Data Engineer (Azure)","(Information & Communication Technology)","NSW","Fantastic culture and career growth opportunities",25,NA,NA,NA,"No",2023-06-01,5
"321",321,"2023 Project Grace - Data & Business Analyst Graduate Program","(Information & Communication Technology)","VIC","$65,000 - $69,999 salary package",25,NA,NA,NA,"Yes",2023-06-01,5
"322",322,"Computer Vision Engineer","(Information & Communication Technology)","NSW",NA,2,NA,NA,NA,"No",2023-06-24,7
"323",323,"Quantitative Geneticist - Aquaculture","(Science & Technology)","TAS","AU$105K - AU$114K pa + up to 15.4% superannuation",16,NA,NA,NA,"Yes",2023-06-10,7
"324",324,"Research Scientist (FMP Ecohydrology)","(Science & Technology)","WA","PSCA, Spec Calling Level 2, $102,808 - $112,645",10,NA,NA,NA,"No",2023-06-16,6
"325",325,"Data Engineering Manager","(Information & Communication Technology)","ACT",NA,20,NA,NA,NA,"No",2023-06-06,3
"326",326,"Senior Data Modeller","(Information & Communication Technology)","VIC","$180k - $200k p.a.",19,NA,NA,NA,"Yes",2023-06-07,4
"327",327,"Senior Analyst Programmer","(Information & Communication Technology)","NSW","$100,000 - $120,000 per annum base",23,1e+05,NA,"PerYear","No",2023-06-03,7
"328",328,"EL 1 - Assistant Director, Fraud Data Analyst","(Government & Defence)","SA",NA,2,NA,NA,NA,"No",2023-06-24,7
"329",329,"Data Analyst Manager Wealth","(Banking & Financial Services)","NSW",NA,10,NA,NA,NA,"No",2023-06-16,6
"330",330,"Research Scientist (Climate Adaptation Flora Ecologist)","(Science & Technology)","WA","SCL2, $102,808 - $112,645 p.a. plus super",5,NA,NA,NA,"No",2023-06-21,4
"331",331,"Head of Data Driven Engagement","(Science & Technology)","NSW",NA,5,NA,NA,NA,"No",2023-06-21,4
"332",332,"Data Manager","(Healthcare & Medical)","NT","$98,868 - $115,887   super   salary packaging",4,NA,NA,NA,"Yes",2023-06-22,5
"333",333,"Senior Data Engineer - Azure","(Information & Communication Technology)","QLD","$140k - $155k p.a. + super",27,NA,NA,NA,"Yes",2023-05-30,3
"334",334,"Scientist - Bioscience","(Science & Technology)","NSW",NA,16,NA,NA,NA,"No",2023-06-10,7
"335",335,"Manager, Investment Analytics","(Government & Defence)","VIC",NA,6,NA,NA,NA,"No",2023-06-20,3
"336",336,"Coastal and Marine Geospatial Analyst","(Science & Technology)","TAS","$89,680 – $114,500 per year",9,89680,NA,"PerYear","No",2023-06-17,7
"337",337,"Web Data and Analytics Lead – EL 1","(Marketing & Communications)","SA","$112,682 to $ 122,848 + 15.4% Super",5,NA,NA,NA,"No",2023-06-21,4
"338",338,"Graduate","(Information & Communication Technology)","NSW",NA,4,NA,NA,NA,"No",2023-06-22,5
"339",339,"Configuration & Data Management Lead","(Engineering)","SA","Permanent Role.  Benefits. Annual Bonus.",6,NA,NA,NA,"No",2023-06-20,3
"340",340,"Web Data and Analytics Lead – EL 1","(Marketing & Communications)","NSW","$112,682 to $ 122,848 + 15.4% Super",5,NA,NA,NA,"No",2023-06-21,4
"341",341,"Technical Officer Data Management Support","(Engineering)","VIC","$70 per annum",2,70,NA,"PerYear","No",2023-06-24,7
"342",342,"Technical Lead - Data","(Information & Communication Technology)","ACT","$160000 - $200000 per annum",11,160000,NA,"PerYear","No",2023-06-15,5
"343",343,"Senior Azure Data Engineer","(Information & Communication Technology)","NSW","$100 – $140 per hour",26,NA,NA,NA,"No",2023-05-31,4
"344",344,"Enterprise Data & Analytics Manager","(Information & Communication Technology)","QLD",NA,19,NA,NA,NA,"No",2023-06-07,4
"345",345,"Senior DevOps Engineer - Big Data Product","(Information & Communication Technology)","NSW",NA,11,NA,NA,NA,"No",2023-06-15,5
"346",346,"Lecturer in Computer Science | Artificial Intelligence (Auckland, NZ)","(Education & Training)","VIC","L1 - L7 $91,328 - $109,099 per annum (NZD)",11,91328,NA,"PerYear","No",2023-06-15,5
"347",347,"Azure Data Engineer","(Information & Communication Technology)","VIC",NA,26,NA,NA,NA,"No",2023-05-31,4
"348",348,"Channel Data Operations Lead","(Consulting & Strategy)","QLD",NA,20,NA,NA,NA,"No",2023-06-06,3
"349",349,"Coastal and Marine Geospatial Analyst","(Science & Technology)","ACT","$89,680 – $114,500 per year",9,89680,NA,"PerYear","No",2023-06-17,7
"350",350,"Research Scientist (FMP Plant Ecologist)","(Science & Technology)","WA","PSCA, Spec Calling Level 2, $102,808 - $112,645",12,NA,NA,NA,"No",2023-06-14,4
"351",351,"Azure Data Enginer","(Information & Communication Technology)","VIC","$140k - $155k p.a. +  Super & Benefits",27,NA,NA,NA,"Yes",2023-05-30,3
"352",352,"EL 1 - Assistant Director, Fraud Data Analyst","(Government & Defence)","QLD",NA,2,NA,NA,NA,"No",2023-06-24,7
"353",353,"2023 Project Grace - Data & Business Analyst Graduate Program","(Information & Communication Technology)","NSW","$65,000 - $69,999 salary package",25,NA,NA,NA,"Yes",2023-06-01,5
"354",354,"Web Data and Analytics Lead – EL 1","(Marketing & Communications)","ACT","$112,682 to $ 122,848 + 15.4% Super",5,NA,NA,NA,"No",2023-06-21,4
"355",355,"GCP Database Engineer","(Information & Communication Technology)","VIC",NA,2,NA,NA,NA,"No",2023-06-24,7
"356",356,"Environmental Specialist - Data and reporting","(Science & Technology)","QLD",NA,9,NA,NA,NA,"No",2023-06-17,7
"357",357,"Senior IoT Systems Engineer + LoRaWAN","(Information & Communication Technology)","VIC","$120,000 – $150,000 per year salary package",1,1.2e+08,NA,"PerYear","Yes",2023-06-25,1
"358",358,"Research Fellow","(Education & Training)","WA","$106,194 - $125,797 per annum plus 17% super",NA,106194,NA,"PerYear","No",2023-06-26,2
"359",359,"Senior Scala Engineer","(Information & Communication Technology)","NSW",NA,2,NA,NA,NA,"No",2023-06-24,7
"360",360,"Coastal and Marine Geospatial Analyst","(Science & Technology)","VIC","$89,680 – $114,500 per year",9,89680,NA,"PerYear","No",2023-06-17,7
"361",361,"Senior Analyst - GDW Specialist","(Information & Communication Technology)","VIC","$180000 - $200000 per annum",26,180000,NA,"PerYear","No",2023-05-31,4
"362",362,"Web Data and Analytics Lead – EL 1","(Marketing & Communications)","NSW","$112,682 to $ 122,848 + 15.4% Super",5,NA,NA,NA,"No",2023-06-21,4
"363",363,"Data Analyst","(Information & Communication Technology)","VIC","$60,000 – $65,000 per year",10,60000,NA,"PerYear","No",2023-06-16,6
"364",364,"Channel Data Operations Lead","(Consulting & Strategy)","VIC",NA,20,NA,NA,NA,"No",2023-06-06,3
"365",365,"Data Analysis Officer","(Community Services & Development)","VIC",NA,5,NA,NA,NA,"No",2023-06-21,4
"366",366,"ML Ops Engineer - Azure, Terraform IaC, Kubernetes","(Information & Communication Technology)","NSW","$130K-$150K + Super",17,NA,"$150K ",NA,"Yes",2023-06-09,6
"367",367,"Data Analyst","(Information & Communication Technology)","VIC","$90k - $110k p.a. +  super",24,NA,NA,NA,"Yes",2023-06-02,6
"368",368,"Research Assistant / Research Officer","(Healthcare & Medical)","VIC","$89,050 - $101,035 per annum",4,89050,NA,"PerYear","No",2023-06-22,5
"369",369,"Data Analyst","(Information & Communication Technology)","QLD","$60,000 – $65,000 per year",10,60000,NA,"PerYear","No",2023-06-16,6
"370",370,"Web Data and Analytics Lead – EL 1","(Marketing & Communications)","VIC","$112,682 to $ 122,848 + 15.4% Super",5,NA,NA,NA,"No",2023-06-21,4
"371",371,"Data Analyst","(Information & Communication Technology)","NSW","$60,000 – $65,000 per year",10,60000,NA,"PerYear","No",2023-06-16,6
"372",372,"IT Audit and Data Analytics Manager","(Accounting)","NSW","$155k-$165k + Bonus",9,NA,"$165k ",NA,"Yes",2023-06-17,7
"373",373,"Engineer (Open Banking) - ANZPlus","(Information & Communication Technology)","VIC",NA,5,NA,NA,NA,"No",2023-06-21,4
"374",374,"Data Developer","(Information & Communication Technology)","QLD",NA,23,NA,NA,NA,"No",2023-06-03,7
"375",375,"Senior Data Modeller / Data WH Architect","(Information & Communication Technology)","VIC","Up to $160,000+ super + bonus",NA,NA,NA,NA,"No",2023-06-26,2
"376",376,"Senior DevOps/Data Engineer","(Information & Communication Technology)","NSW",NA,9,NA,NA,NA,"No",2023-06-17,7
"377",377,"Medical Scientist","(Science & Technology)","NSW",NA,11,NA,NA,NA,"No",2023-06-15,5
"378",378,"Senior Data Analyst","(Information & Communication Technology)","NSW",NA,2,NA,NA,NA,"No",2023-06-24,7
"379",379,"Carbon and Productivity Analyst at Adelaide based Scale Up","(Information & Communication Technology)","SA",NA,26,NA,NA,NA,"No",2023-05-31,4
"380",380,"Payroll Analytics & Performance Lead - Hawthorn East","(Accounting)","VIC",NA,18,NA,NA,NA,"No",2023-06-08,5
"381",381,"Research Scientist - Antibody Engineering","(Science & Technology)","NSW",NA,17,NA,NA,NA,"No",2023-06-09,6
"382",382,"Manager - Aboriginal Data and Research","(Government & Defence)","VIC",NA,10,NA,NA,NA,"No",2023-06-16,6
"383",383,"Siemens Team Centre / CMTL - UI & Data Developer","(Information & Communication Technology)","VIC","$900 - $1100 per day",3,237600,NA,"PerDay","No",2023-06-23,6
"384",384,"Scientist Application Specialist","(Information & Communication Technology)","QLD",NA,5,NA,NA,NA,"No",2023-06-21,4
"385",385,"Data Analyst","(Information & Communication Technology)","ACT",NA,9,NA,NA,NA,"No",2023-06-17,7
"386",386,"Data Platform Developer","(Information & Communication Technology)","NSW","$139000 per annum",16,139000,NA,"PerYear","No",2023-06-10,7
"387",387,"Data Discovery and Engineering Officer","(Information & Communication Technology)","ACT","$105,346 - $113,452 + Superannuation",25,NA,NA,NA,"No",2023-06-01,5
"388",388,"Monitoring & Analytics Engineer","(Information & Communication Technology)","VIC",NA,19,NA,NA,NA,"No",2023-06-07,4
"389",389,"EL 1 - Assistant Director, Fraud Data Analyst","(Government & Defence)","ACT",NA,2,NA,NA,NA,"No",2023-06-24,7
"390",390,"Siemmens Teamcenter CMTL/ UI and Data Developer","(Information & Communication Technology)","VIC","$1150 a day",NA,303600,NA,"PerDay","No",2023-06-26,2
"391",391,"Web Data and Analytics Lead – EL 1","(Marketing & Communications)","TAS","$112,682 to $ 122,848 + 15.4% Super",5,NA,NA,NA,"No",2023-06-21,4
"392",392,"Process Development Scientist","(Science & Technology)","SA",NA,10,NA,NA,NA,"No",2023-06-16,6
"393",393,"Data Specialist Pool","(Science & Technology)","WA","$110,309 – $136,891 per year",9,110309,NA,"PerYear","No",2023-06-17,7
"394",394,"Lead consultant","(Information & Communication Technology)","NSW",NA,2,NA,NA,NA,"No",2023-06-24,7
"395",395,"Data Analyst/Engineer","(Information & Communication Technology)","NSW","Leading Global Biotech - Access to great Tech!",16,NA,NA,NA,"No",2023-06-10,7
"396",396,"Project Manager in Human Genome Informatics","(Science & Technology)","VIC","$115,137 - $124,622 p.a. plus 17% super",11,NA,NA,NA,"No",2023-06-15,5
"397",397,"Game Mathematician","(Science & Technology)","NSW",NA,18,NA,NA,NA,"No",2023-06-08,5
"398",398,"Senior Python Quant Developer - Buy Side  - 12m initial contract","(Information & Communication Technology)","VIC",NA,19,NA,NA,NA,"No",2023-06-07,4
"399",399,"Data Analytics Security Engineer","(Information & Communication Technology)","ACT","Competitive annual salary with perks and benefits",19,NA,NA,NA,"Yes",2023-06-07,4
"400",400,"VBA & Python Developer - Financial Services","(Information & Communication Technology)","NSW","WFH Hybrid Working | Great Culture | Bonus",18,NA,NA,NA,"Yes",2023-06-08,5
"401",401,"Director, Data Platforms","(Information & Communication Technology)","NSW","$1350 - $1400 p.d. + Including Super",26,356400,NA,"PerDay","No",2023-05-31,4
"402",402,"Data Analyst","(Government & Defence)","ACT","$90/hr - $120/hr + Super",9,NA,NA,NA,"No",2023-06-17,7
"403",403,"AI Product Owner - Deloitte Software Group","(Consulting & Strategy)","NSW",NA,2,NA,NA,NA,"No",2023-06-24,7
"404",404,"Data Networks Common Operating Picture Manager","(Government & Defence)","ACT",NA,4,NA,NA,NA,"No",2023-06-22,5
"405",405,"Data Architect | Digital News & Media","(Information & Communication Technology)","VIC",NA,5,NA,NA,NA,"No",2023-06-21,4
"406",406,"Solution Architect - Data","(Information & Communication Technology)","QLD","$151K - $188K per annum + superannuation",11,151000,NA,"PerYear","Yes",2023-06-15,5
"407",407,"APS 6 - Sensitive Data Officer","(Government & Defence)","ACT","$85,607 - $97,790 (plus Super)",12,NA,NA,NA,"No",2023-06-14,4
"408",408,"Senior Software Engineer – Data Platform","(Information & Communication Technology)","VIC",NA,18,NA,NA,NA,"No",2023-06-08,5
"409",409,"Computational Biologist - Breast Cancer Atlas Program","(Science & Technology)","NSW",NA,NA,NA,NA,NA,"No",2023-06-26,2
"410",410,"Research Scientist – Fisheries Modelling","(Science & Technology)","SA","$98,313 min to $103,936 max, plus superannuation",10,NA,NA,NA,"No",2023-06-16,6
"411",411,"Data Architect | Digital News & Media","(Information & Communication Technology)","QLD",NA,5,NA,NA,NA,"No",2023-06-21,4
"412",412,"Solution Architect - Data","(Information & Communication Technology)","QLD","$151K - $188K per annum + superannuation",11,151000,NA,"PerYear","Yes",2023-06-15,5
"413",413,"Bioinformatics Research Scientist for Plant Health","(Science & Technology)","ACT",NA,6,NA,NA,NA,"No",2023-06-20,3
"414",414,"Credit Risk Data Lead","(Information & Communication Technology)","NSW","$700 - $1100 p.a. + plus super",28,NA,NA,NA,"No",2023-05-29,2
"415",415,"Livestock Data Analyst","(Science & Technology)","QLD",NA,26,NA,NA,NA,"No",2023-05-31,4
"416",416,"Research Fellow (Bioinformatician) - Level A/B","(Education & Training)","VIC","$75,115 - $127,432 pa Level A/B (17% super)",11,NA,NA,NA,"No",2023-06-15,5
"417",417,"Geospatial Intelligence Officer","(Information & Communication Technology)","ACT",NA,9,NA,NA,NA,"No",2023-06-17,7
"418",418,"Data Technician","(Information & Communication Technology)","QLD",NA,12,NA,NA,NA,"No",2023-06-14,4
"419",419,"Senior Data Analyst – Expression of Interest","(Information & Communication Technology)","WA",NA,24,NA,NA,NA,"No",2023-06-02,6
"420",420,"Senior SQL Data Developer - GCP/Python CONTRACT up to $900-$1000 per day","(Information & Communication Technology)","NSW","$1000 per day",25,264000,NA,"PerDay","No",2023-06-01,5
"421",421,"Data Engineer - ETL","(Information & Communication Technology)","ACT",NA,23,NA,NA,NA,"No",2023-06-03,7
"422",422,"Environment & Spatial Data Business Partner","(Mining, Resources & Energy)","NSW",NA,5,NA,NA,NA,"No",2023-06-21,4
"423",423,"Senior Data Policy Lead","(Government & Defence)","QLD","$128,799 - $146,897 TRP incl superannuation",3,NA,NA,NA,"No",2023-06-23,6
"424",424,"Technical Data Manager","(Engineering)","NSW",NA,6,NA,NA,NA,"No",2023-06-20,3
"425",425,"Clinical Coding Auditors","(Healthcare & Medical)","St","Full-time and part-time roles - you choose!",1,NA,NA,NA,"No",2023-06-25,1
"426",426,"Data Modeler (108368BR)","(Information & Communication Technology)","VIC",NA,6,NA,NA,NA,"No",2023-06-20,3
"427",427,"Senior Scientist","(Science & Technology)","VIC",NA,27,NA,NA,NA,"No",2023-05-30,3
"428",428,"Solution Architect - Data","(Information & Communication Technology)","QLD","$151K - $188K per annum + superannuation",11,151000,NA,"PerYear","Yes",2023-06-15,5
"429",429,"Data & Information analyst","(Healthcare & Medical)","VIC",NA,12,NA,NA,NA,"No",2023-06-14,4
"430",430,"Genomic Data Engineer","(Healthcare & Medical)","VIC",NA,6,NA,NA,NA,"No",2023-06-20,3
"431",431,"Senior/ Lead Engineer","(Information & Communication Technology)","NSW",NA,25,NA,NA,NA,"No",2023-06-01,5
"432",432,"Research Officer (FMP Geospatial Science)","(Science & Technology)","WA","PSCA, Spec Calling Level 2 $102,808 -$112,645",12,NA,NA,NA,"No",2023-06-14,4
"433",433,"Data Analyst","(Information & Communication Technology)","NSW","$101947 - $112849 p.a. + superannuation",9,NA,NA,NA,"No",2023-06-17,7
"434",434,"Data Analyst","(Information & Communication Technology)","NSW","$101947 - $112849 p.a. + superannuation",9,NA,NA,NA,"No",2023-06-17,7
"435",435,"Quantitative Research Internship, Summer 2023-24","(Science & Technology)","NSW",NA,18,NA,NA,NA,"No",2023-06-08,5
"436",436,"Biostatistician","(Healthcare & Medical)","NSW",NA,19,NA,NA,NA,"No",2023-06-07,4
"437",437,"Data Solutions Director - Media Industry","(Sales)","NSW","Base + super + bonus + benefits!",4,NA,NA,NA,"No",2023-06-22,5
"438",438,"Data Ops & Analytics - Data Imprv & Strategy","(Information & Communication Technology)","WA",NA,25,NA,NA,NA,"No",2023-06-01,5
"439",439,"Graduate Quantitative Researcher, 2024","(Banking & Financial Services)","NSW",NA,18,NA,NA,NA,"No",2023-06-08,5
"440",440,"Analytics Engineer","(Information & Communication Technology)","NSW","Competitive salary and benefits",27,NA,NA,NA,"No",2023-05-30,3
"441",441,"Senior Data Policy Lead","(Government & Defence)","ACT","$128,799 - $146,897 TRP incl superannuation",3,NA,NA,NA,"No",2023-06-23,6
"442",442,"Web Data and Analytics Lead – EL 1","(Marketing & Communications)","WA","$112,682 to $ 122,848 + 15.4% Super",5,NA,NA,NA,"No",2023-06-21,4
"443",443,"Senior TM1/Planning Analytics Developer","(Accounting)","QLD","Permanent Role.  Benefits. Annual Bonus.",2,NA,NA,NA,"No",2023-06-24,7
"444",444,"Data Modeller","(Information & Communication Technology)","VIC","DBT, Informatica, Data Modelling, Cloud transforma",5,NA,NA,NA,"No",2023-06-21,4
"445",445,"Data Architect | Digital News & Media","(Information & Communication Technology)","NSW",NA,5,NA,NA,NA,"No",2023-06-21,4
"446",446,"AI Innovation Consultant","(Information & Communication Technology)","VIC",NA,25,NA,NA,NA,"No",2023-06-01,5
"447",447,"Senior Genome Analyst","(Healthcare & Medical)","VIC",NA,2,NA,NA,NA,"No",2023-06-24,7
"448",448,"Scientist - Research & Clinical Bioanalytics","(Science & Technology)","VIC",NA,20,NA,NA,NA,"No",2023-06-06,3
"449",449,"Tax Technology Consultant","(Accounting)","NSW",NA,6,NA,NA,NA,"No",2023-06-20,3
"450",450,"Mid OR Senior Python Engineers | Flask,FastAPI, | Fully Remote Remote | $170k+","(Information & Communication Technology)","VIC","$140,000 - $170,000+Super+ ESOP",7,NA,NA,NA,"No",2023-06-19,2
"451",451,"GIS Officer","(Science & Technology)","VIC",NA,NA,NA,NA,NA,"No",2023-06-26,2
"452",452,"Head of Domain Architecture - Data & Data Platforms","(Information & Communication Technology)","NSW",NA,23,NA,NA,NA,"No",2023-06-03,7
"453",453,"Developer Programmer - 261312 \ Developer (Other)","(Information & Communication Technology)","NSW","$140,000 – $160,000 per year",12,140000,NA,"PerYear","No",2023-06-14,4
"454",454,"Solution Architect - Data","(Information & Communication Technology)","Far","$151K - $188K per annum + superannuation",11,151000,NA,"PerYear","Yes",2023-06-15,5
"455",455,"Casual Lecturer/Facilitator","(Education & Training)","VIC",NA,10,NA,NA,NA,"No",2023-06-16,6
"456",456,"Senior Analyst - Transport Modelling","(Engineering)","VIC",NA,11,NA,NA,NA,"No",2023-06-15,5
"457",457,"Clinical Bioinformatician (Technical)","(Science & Technology)","ACT","$122,133 - $127,967 per annum plus 17% super",23,122133,NA,"PerYear","No",2023-06-03,7
"458",458,"APS 6 - Senior Data Manager","(Government & Defence)","ACT","$85,607 - $97,790 (plus Super)",9,NA,NA,NA,"No",2023-06-17,7
"459",459,"Assistant Director, Business Modelling and Intelligence (EL1)","(Government & Defence)","ACT",NA,5,NA,NA,NA,"No",2023-06-21,4
"460",460,"Investment Data Product Manager","(Information & Communication Technology)","VIC",NA,2,NA,NA,NA,"No",2023-06-24,7
"461",461,"PhD Scholarship - Investigation of AI techniques","(Education & Training)","VIC","$33,000 per annum (tax-free stipend)",19,33000,NA,"PerYear","No",2023-06-07,4
"462",462,"Quantitative Development Internship, Summer 2023-24","(Science & Technology)","NSW",NA,18,NA,NA,NA,"No",2023-06-08,5
"463",463,"Senior Data Policy Lead","(Government & Defence)","NSW","$128,799 - $146,897 TRP incl superannuation",3,NA,NA,NA,"No",2023-06-23,6
"464",464,"Principle Electronics Officer","(Science & Technology)","SA",NA,19,NA,NA,NA,"No",2023-06-07,4
"465",465,"Medical Laboratory Scientist - Cytology - Anatomical Pathology","(Healthcare & Medical)","NSW","$34.02 - $49.27 per hour plus superannuation",2,NA,NA,NA,"No",2023-06-24,7
"466",466,"Solution Architect - Data","(Information & Communication Technology)","Bay","$151K - $188K per annum + superannuation",11,151000,NA,"PerYear","Yes",2023-06-15,5
"467",467,"Analyst - Forecasting and Data Analytics","(Manufacturing, Transport & Logistics)","NSW","$129,300 - $147,500 including superannuation",16,NA,NA,NA,"No",2023-06-10,7
"468",468,"Senior Analytics Adivser","(Information & Communication Technology)","CBD","$700 - $740 p.d. incl. super",3,184800,NA,"PerDay","No",2023-06-23,6
"469",469,"Senior Data Developer, APS6/EL1 (EA2023/182)","(Government & Defence)","NT","$92,228 - $126,815 plus 15.4% superannuation",24,NA,NA,NA,"No",2023-06-02,6
"470",470,"Geospatial Support Analyst - Expression of Interest","(Information & Communication Technology)","QLD",NA,2,NA,NA,NA,"No",2023-06-24,7
"471",471,"Informatica Integration Developers","(Information & Communication Technology)","WA",NA,8,NA,NA,NA,"No",2023-06-18,1
"472",472,"Group Manager Reporting Analytics and Integration","(Information & Communication Technology)","QLD",NA,NA,NA,NA,NA,"No",2023-06-26,2
"473",473,"Quantitative Trading Internship, Summer 2023-24","(Science & Technology)","NSW",NA,18,NA,NA,NA,"No",2023-06-08,5
"474",474,"Manager - Data Migration.","(Information & Communication Technology)","VIC",NA,25,NA,NA,NA,"No",2023-06-01,5
"475",475,"Pricing & Analytics Lead","(Retail & Consumer Products)","VIC",NA,NA,NA,NA,NA,"No",2023-06-26,2
"476",476,"Data Hub & Digitization Manager, AMEA","(Information & Communication Technology)","VIC",NA,12,NA,NA,NA,"No",2023-06-14,4
"477",477,"Cell Culture Scientist","(Science & Technology)","VIC",NA,3,NA,NA,NA,"No",2023-06-23,6
"478",478,"Senior Data Modeler","(Information & Communication Technology)","NSW","Excellent salary/rate on offer",20,NA,NA,NA,"No",2023-06-06,3
"479",479,"Talent Register Technology Level 4","(Government & Defence)","ACT",NA,2,NA,NA,NA,"No",2023-06-24,7
"480",480,"Research Scientist - Chemical Sensor Development","(Science & Technology)","VIC",NA,6,NA,NA,NA,"No",2023-06-20,3
"481",481,"Research Scientist (FMP Eco-Acoustics)","(Science & Technology)","WA","PSCA, Spec Calling Level 2, $102,808 - $112,645",10,NA,NA,NA,"No",2023-06-16,6
"482",482,"Odoo ERP Manager","(Information & Communication Technology)","WA",NA,10,NA,NA,NA,"No",2023-06-16,6
"483",483,"Graduate Quantitative Researcher, 2024","(Banking & Financial Services)","NSW","$140,000 per year + attractive bonus package",20,1.4e+08,NA,"PerYear","Yes",2023-06-06,3
"484",484,"Research Scientist (Climate Adaptation Fauna Ecologist)","(Science & Technology)","WA","PSCA, Spec Calling Level 2, $102,808 - $112,645",12,NA,NA,NA,"No",2023-06-14,4
"485",485,"Data Networks Common Operating Picture Manager","(Government & Defence)","NSW",NA,4,NA,NA,NA,"No",2023-06-22,5
"486",486,"Health Informatics & Data Analytics Officer","(Information & Communication Technology)","VIC",NA,26,NA,NA,NA,"No",2023-05-31,4
"487",487,"Laboratory Technician","(Science & Technology)","NSW","$50,000 – $70,000 per year",4,50000,NA,"PerYear","No",2023-06-22,5
"488",488,"Analyst - Market Modelling","(Mining, Resources & Energy)","QLD",NA,5,NA,NA,NA,"No",2023-06-21,4
"489",489,"Data Platform Architect","(Information & Communication Technology)","VIC",NA,10,NA,NA,NA,"No",2023-06-16,6
"490",490,"Associate Research Fellow","(Education & Training)","NSW","$84,935 – $99,509 + 17% superannuation",4,NA,NA,NA,"No",2023-06-22,5
"491",491,"Engineering Data Controller","(Administration & Office Support)","NSW",NA,12,NA,NA,NA,"No",2023-06-14,4
"492",492,"EL 1 - Data Manager","(Government & Defence)","SA","$108,195 - $122,044 (plus Super)",10,NA,NA,NA,"No",2023-06-16,6
"493",493,"EL 1 - Data Manager","(Government & Defence)","SA","$108,195 - $122,044 (plus Super)",10,NA,NA,NA,"No",2023-06-16,6
"494",494,"Vertical Sales BDM - Data Centers","(Sales)","NSW",NA,4,NA,NA,NA,"No",2023-06-22,5
"495",495,"Senior Policy Advisor- Indigenous Data Sovereignty","(Community Services & Development)","NSW","$90,000 – $120,000 per year",19,90000,NA,"PerYear","No",2023-06-07,4
"496",496,"Senior Data Modeller","(Information & Communication Technology)","NSW","$200k package + 15% bonus",23,NA,NA,NA,"Yes",2023-06-03,7
"497",497,"Sleep Scientist / Sleep Technologist - Research","(Healthcare & Medical)","NSW",NA,13,NA,NA,NA,"No",2023-06-13,3
"498",498,"Engineering Chapter Lead","(Information & Communication Technology)","VIC",NA,5,NA,NA,NA,"No",2023-06-21,4
"499",499,"Associate Professor in Computer Science","(Education & Training)","St","$154254.09 - $169941.34 p.a. + super of up to 17%",9,NA,NA,NA,"No",2023-06-17,7
"500",500,"Solution Architect - Data","(Information & Communication Technology)","QLD","$151K - $188K per annum + superannuation",11,151000,NA,"PerYear","Yes",2023-06-15,5
